mode,freq,hops,delay,proploss,atten,focus,txelv,txazm,zmax
-1.0,3.0,1.0,1024.4404036454198,-100.14322977038965,-0.0017192522153292042,2.0586485479809062,7.896879229554571,-0.006316096931350299,85.91634101242016
-1.0,3.1,1.0,1025.6010485550737,-100.2088661885153,-0.001631398563086586,2.287568210521562,7.908428806245702,-0.006093993033010009,86.15889608722046
-1.0,3.2,1.0,1026.0122872704922,-100.34997241054398,-0.0015552428973297865,2.4256336349656364,7.939310838691936,-0.005892284167346842,86.39658764255
-1.0,3.3,1.0,1025.5609583939174,-100.58807303187562,-0.0014896076569948554,2.450924964009893,7.976032492152516,-0.005705728805374095,86.6467963198811
-1.0,3.4,1.0,1025.447287088265,-101.19059613347758,-0.001432920361032027,2.106681936880424,8.0134736795008,-0.005531212979837965,86.89497331546863
-1.0,3.5,1.0,1025.7423792961913,-101.22896998955304,-0.0013813828535822123,2.3225382619243216,8.048471253414464,-0.0053655158681592775,87.13891123851317
-1.0,3.6,1.0,1025.2866716003007,-101.47500652813902,-0.001327975426172755,2.317277697050474,8.086202352854915,-0.005202421448232593,87.380858463619
-1.0,3.7,1.0,1026.4455920538865,-101.88188582334506,-0.0012872904112511956,2.158154629026354,8.113643579787105,-0.005064983579132493,87.61276463176364
-1.0,3.8,1.0,1026.808075082506,-101.96317531130556,-0.0012489109484984933,2.311531040303516,8.143887896275286,-0.00493806247167929,87.84861210517738
-1.0,3.9,1.0,1026.9406828764759,-102.28300913010065,-0.0012111058407769,2.2184012970100726,8.179778214232499,-0.0048175095302386214,88.0786766616493
-1.0,4.0,1.0,1026.8208240510055,-102.42443926904409,-0.0011749734547852146,2.295828883640909,8.213704689424834,-0.004702198049419116,88.30994973567977
-1.0,4.1,1.0,1027.1987530238564,-102.39053689528954,-0.0011398671015827447,2.5473697764034995,8.244761250573566,-0.004590366032281851,88.53586889712824
-1.0,4.2,1.0,1026.9693264230038,-102.936143507369,-0.00110878505833494,2.2091005308320724,8.278594563603477,-0.00448675502979716,88.7634218833291
-1.0,4.3,1.0,1026.6571070378727,-103.14257617741727,-0.0010787837110845118,2.2043800759681234,8.312268416559254,-0.004386917234487144,88.99463379197368
-1.0,4.4,1.0,1027.228494633727,-103.2726700935562,-0.00104645845079633,2.278771053244587,8.341276610151368,-0.0042851803613634205,89.2003442923824
-1.0,4.5,1.0,1027.5832649390018,-103.47302341357835,-0.0010199381224751012,2.2765872560432867,8.373054842733126,-0.004195894932705309,89.43267884030047
-1.0,4.6,1.0,1028.3804840445118,-103.70302333456824,-0.000995519816839556,2.244205344531461,8.404553633112876,-0.004114267431350282,89.63790446782605
-1.0,4.7,1.0,1027.3219460641035,-103.7552402563123,-0.0009707568368660955,2.3698189749674157,8.436365142509839,-0.004036008512897728,89.8631122534207
-1.0,4.8,1.0,1027.565336473735,-104.11284713010767,-0.0009482932090955777,2.197114820706946,8.466146741842184,-0.003961779082759397,90.06366219629308
-1.0,4.9,1.0,1027.5169769129527,-104.15287003312943,-0.000925328723957096,2.3357570189265626,8.496825753561943,-0.003889860967473631,90.28593727319094
-1.0,5.0,1.0,1028.0024399411418,-104.29137005172244,-0.0009033039462368857,2.376816247921456,8.528020027243176,-0.0038204560471525153,90.48646131788519
-1.0,5.1,1.0,1027.3511179734285,-104.66284110242967,-0.0008803565960787362,2.1718207335110176,8.561310706737315,-0.003751902745144233,90.70404404343117
-1.0,5.2,1.0,1028.136076654774,-104.77637218650662,-0.0008615281525465769,2.2335681851391835,8.582122125964148,-0.003687203062918888,90.90028143072595
-1.0,5.300000000000001,1.0,1028.734576294846,-104.97497020904189,-0.0008420327371946046,2.2054559544990937,8.608156684335274,-0.0036241732516758057,91.10329984081363
-1.0,5.4,1.0,1027.9853581247316,-105.3202614782471,-0.0008224557572757475,2.0161747525453495,8.647327622830671,-0.0035650694534699492,91.30379717958749
-1.0,5.5,1.0,1028.66758902278,-105.31525682031356,-0.0008033071646571422,2.186301405102899,8.668609067963365,-0.0035066795956609524,91.49700781945467
-1.0,5.6,1.0,1028.3188055580022,-105.37926472330916,-0.0007861072828685089,2.2758374863494018,8.691159963834382,-0.003453330197156758,91.68070107430958
-1.0,5.7,1.0,1028.284886151477,-105.6698684053288,-0.0007683957531864164,2.138666154706257,8.717920392605581,-0.0034018348010905683,91.88115182727779
-1.0,5.800000000000001,1.0,1028.3482710171518,-105.58131249992151,-0.000751807532697126,2.37880362313976,8.754963492883,-0.0033549276828775286,92.07577133656832
-1.0,5.9,1.0,1028.717148479228,-105.8805743354734,-0.0007350838260341626,2.231120570885192,8.769129378617054,-0.003304956361973888,92.252815528459
-1.0,6.0,1.0,1028.9771796068537,-106.07940308374211,-0.0007183408899647899,2.1804551287629277,8.794492243937107,-0.0032583184469859245,92.44163514344655
-1.0,6.1,1.0,1028.6396914445315,-106.16510656220301,-0.0007024817116541984,2.2354581826134936,8.82321324795789,-0.003214242523467294,92.6287124512437
-1.0,6.2,1.0,1028.9482973681393,-106.36864873350801,-0.0006878136529076999,2.175743927421884,8.848971086285566,-0.0031715844417191746,92.80583237956489
-1.0,6.300000000000001,1.0,1029.0189753936756,-106.51672133096235,-0.0006716683448821216,2.167228993379844,8.872861685611031,-0.0031284023375291715,92.98300830210883
-1.0,6.4,1.0,1029.4034890456658,-106.66229500654968,-0.0006567346438004746,2.161673925936586,8.89569260849222,-0.0030869173199320797,93.16061988074216
-1.0,6.5,1.0,1029.3558758941117,-106.71049340246499,-0.0006418118120585257,2.247726501341765,8.921056709417481,-0.0030470028385502796,93.33309271614962
-1.0,6.6,1.0,1029.3242471903884,-106.94044860669965,-0.0006276044278532841,2.1501017749237676,8.944076053011086,-0.003009446284807711,93.51208403862529
-1.0,6.7,1.0,1029.4004556781115,-106.83092885565428,-0.0006138996210533037,2.3908682211943484,8.966706733083036,-0.0029734111438513284,93.68671893711235
-1.0,6.800000000000001,1.0,1029.5665019791857,-107.15306603245658,-0.0005987194450833051,2.198799019151353,8.988615969760415,-0.002937867980770308,93.84502818035435
-1.0,6.9,1.0,1030.2549455547278,-107.31954052004504,-0.0005849451268272665,2.164920398920271,9.009235182222206,-0.0029040970747327317,94.01930221556722
-1.0,7.0,1.0,1029.5617872490857,-107.45525236525322,-0.0005716850340281469,2.1483284224130452,9.035876641421693,-0.002872845266201418,94.18974453996088
-1.0,7.1000000000000005,1.0,1030.0595706664815,-107.5589943550365,-0.0005569603889807431,2.171976412936967,9.057164821498645,-0.002840453326201223,94.34885584357653
-1.0,7.2,1.0,1029.7861224021738,-107.68374650977752,-0.0005446288745844462,2.1663887455994284,9.0796384942333,-0.002811167906453241,94.51295007533008
-1.0,7.3,1.0,1030.1658577825717,-107.77151847646071,-0.0005308934271166259,2.2016126633993016,9.099639742117255,-0.0027807237522655664,94.6888259612042
-1.0,7.4,1.0,1030.251533405284,-107.87938964206434,-0.0005179716542406218,2.212628116051828,9.121822975783795,-0.0027521560528440694,94.83980320580395
-1.0,7.5,1.0,1030.4894722070435,-108.017234771494,-0.0005051067671680171,2.193366788182435,9.146202836185951,-0.0027245963298267364,95.0014947923255
-1.0,7.6000000000000005,1.0,1030.2916355629302,-108.06348401482607,-0.0004938952597203758,2.2604852063346246,9.1646675945582,-0.0026978298499551016,95.15895375204855
-1.0,7.7,1.0,1030.29977029837,-108.35091566119723,-0.00048162040407555816,2.0866525226843846,9.18790554097767,-0.0026713742052311964,95.32640749313668
-1.0,7.800000000000001,1.0,1030.3670934362237,-108.33975662869825,-0.00046987524358388865,2.2104449061186218,9.20861269265395,-0.0026453200164801224,95.47775013639239
-1.0,7.9,1.0,1030.5103108364754,-108.50929953038828,-0.0004593535202723289,2.152748478901599,9.227739008804225,-0.0026203682999649197,95.64111192583096
-1.0,8.0,1.0,1030.6114904788806,-108.56198277636807,-0.0004495594932451124,2.210166126601461,9.248364034052766,-0.002596584066291789,95.79443664762312
-1.0,8.100000000000001,1.0,1031.013764361887,-108.78360445299788,-0.00043960120592548014,2.099824791616501,9.268820090796673,-0.0025733309272156332,95.94183330845044
-1.0,8.2,1.0,1030.8391164039824,-108.85188216315666,-0.0004297413868277539,2.1366424260445522,9.292457267567503,-0.0025510616764176826,96.09422320248905
-1.0,8.3,1.0,1031.117500538314,-108.96408562461602,-0.00042098776089955815,2.1320603694454867,9.31191184552826,-0.0025293968041774162,96.24132576989086
-1.0,8.4,1.0,1030.8715284245343,-109.0851144272928,-0.0004123308734747599,2.112974525583991,9.330879355501464,-0.002508237755885616,96.40123607043097
-1.0,8.5,1.0,1030.927279607867,-109.13820015896694,-0.0004052196351204692,2.163144209841061,9.351139306611554,-0.002488867713623516,96.55004799629569
-1.0,8.600000000000001,1.0,1031.1353422599068,-109.17220782150217,-0.0003976481773985541,2.232472303462897,9.37243670981948,-0.0024700058331395846,96.69588395479877
-1.0,8.7,1.0,1031.0819449682097,-109.3731802793347,-0.0003897955478663807,2.1314582104981823,9.393421713501505,-0.002451348876136409,96.84670699865
-1.0,8.8,1.0,1031.3792623229638,-109.48132947716832,-0.00038264905605142033,2.1250745131162256,9.411729433363472,-0.0024331896993666988,96.99247946368087
-1.0,8.9,1.0,1031.4437406354189,-109.52984242724246,-0.00037655923843390814,2.1752451583306773,9.43192679854728,-0.0024165058148272692,97.12352981125514
-1.0,9.0,1.0,1031.7595313031532,-109.58456045560456,-0.0003700979717157924,2.2202296219923947,9.454721959195128,-0.002400554812314227,97.28404009355927
-1.0,9.100000000000001,1.0,1031.5395864832183,-109.74288440831197,-0.00036397200042964916,2.15602539340147,9.473024764961906,-0.0023845854360734385,97.42845255664997
-1.0,9.2,1.0,1031.5931394298116,-109.84787462015198,-0.0003572954809862478,2.1464081265778274,9.49521358080235,-0.0023685377648768637,97.57544495220463
-1.0,9.3,1.0,1031.7200922301352,-109.9585809667435,-0.0003516924361444834,2.1306674625861515,9.513615221103699,-0.0023524869931352147,97.71155762199851
-1.0,9.4,1.0,1031.9670716745302,-110.03063733264239,-0.0003456483751425707,2.153582185911037,9.531175281360563,-0.0023362035874973665,97.85583775726445
-1.0,9.5,1.0,1032.1397034129568,-110.09487011512003,-0.00034009485838894395,2.182711773879124,9.550915593357399,-0.0023209522637466957,97.99714187797781
-1.0,9.600000000000001,1.0,1032.1113779944953,-110.21487076430483,-0.0003349914675385749,2.1534202027392606,9.569575931143975,-0.002306371703514799,98.13228944132607
-1.0,9.7,1.0,1032.075460296149,-110.2730041529121,-0.0003308391111416879,2.184990410218477,9.590403354443065,-0.0022931814209224237,98.27416615961374
-1.0,9.8,1.0,1032.0498742217942,-110.36118298826067,-0.0003261176237695782,2.1856783482604993,9.610719476263753,-0.0022800942270812656,98.41562590196463
-1.0,9.9,1.0,1032.296446960212,-110.45840058629926,-0.00032182813782281704,2.1787137848689886,9.628741996603056,-0.0022674178384974727,98.54521781436688
-1.0,10.0,1.0,1032.3752984939572,-110.4930064228472,-0.00031740950858326653,2.232063080461654,9.648194819318478,-0.0022555658106085067,98.6966877460618
-1.0,10.100000000000001,1.0,1032.5163784566337,-110.62866329605066,-0.00031313537324327546,2.184016303954317,9.667886659650986,-0.002244554445260675,98.83329648572362
-1.0,10.2,1.0,1032.591995437814,-110.72931580933357,-0.00030976000291600307,2.1695724681414332,9.687831526850909,-0.0022347593647142976,98.97500951035909
-1.0,10.3,1.0,1032.9241160796207,-110.81402787057647,-0.0003057250263915985,2.172390692238834,9.70882542397572,-0.002225320043077432,99.10076167121588
-1.0,10.4,1.0,1032.6800096497097,-110.93219185543849,-0.0003023199485102579,2.1360926533451092,9.729862264011224,-0.0022169424135692465,99.2518455657173
-1.0,10.5,1.0,1032.7457054532924,-110.89544261302598,-0.0002991987996368338,2.2565105210102603,9.750200984334976,-0.002209185974282469,99.38968631421358
-1.0,10.600000000000001,1.0,1032.8653509298852,-111.09879954653998,-0.0002956967349265372,2.1364876272251303,9.771771783648832,-0.002202339919083815,99.52598477126321
-1.0,10.7,1.0,1033.0473725108875,-111.17321632183591,-0.0002925625887233255,2.14515654330716,9.793309943579317,-0.002195474938132558,99.67023788543975
-1.0,10.8,1.0,1033.051769547782,-111.2404203806182,-0.0002888898426798341,2.1587853381374815,9.814277284566383,-0.00218701277177337,99.8094226397825
-1.0,10.9,1.0,1033.0967993421746,-111.30109482730887,-0.000285522847121299,2.17854097536437,9.832865218625578,-0.002178190902775949,99.94507438605251
-1.0,11.0,1.0,1033.283686423447,-111.3268402157454,-0.0002829128875419487,2.2336878555604,9.852468148098183,-0.002170107089738646,100.08209434215951
-1.0,11.1,1.0,1033.1908934459755,-111.41962646826532,-0.00027949282522545107,2.218723993144989,9.87649158300007,-0.0021627369615786966,100.21660647224235
-1.0,11.200000000000001,1.0,1033.3450840232076,-111.55209756164179,-0.00027682936388410907,2.1654472756260903,9.894525073917881,-0.0021553203050389156,100.34617999363672
-1.0,11.3,1.0,1033.3368934186385,-111.60751908029921,-0.0002731572291759417,2.1871616538468124,9.916077026771568,-0.0021486105629687953,100.49419152749579
-1.0,11.4,1.0,1033.6636640513736,-111.6312726794249,-0.0002711156268893455,2.2426804623047834,9.933577879005325,-0.002142764865461642,100.61772237166133
-1.0,11.5,1.0,1033.7020838429532,-111.74207312970961,-0.00026835905156665684,2.2080598718120235,9.954195960698316,-0.0021378506936091542,100.75783021769985
-1.0,11.6,1.0,1033.7032701101416,-111.8249991599194,-0.0002651236598191205,2.2003435515194996,9.979593488117363,-0.0021343627271704396,100.90494412331645
-1.0,11.700000000000001,1.0,1033.9241042947417,-111.89109660716777,-0.0002627865468117889,2.210656620878022,9.999021910426894,-0.0021312920204698232,101.03933493614113
-1.0,11.8,1.0,1034.0043442217038,-111.92690501310311,-0.0002608122136336756,2.249443212994048,10.02155901928829,-0.002129845081371146,101.1733019806552
-1.0,11.9,1.0,1033.952205020542,-111.99728604349706,-0.0002579574940907353,2.2519204165112,10.047503914771456,-0.0021295518257821557,101.3230655162115
-1.0,11.9,1.0,1081.785175401939,-129.18159870878492,-0.0003869074963203121,-14.539452060439793,18.180592781560144,-0.020409499656816828,116.61363731977508
-1.0,12.0,1.0,1034.2739567410322,-112.06425262830906,-0.00025575105188735197,2.2603398274067166,10.068862921406081,-0.002130041222671446,101.46579140573522
-1.0,12.0,1.0,1078.1092858371835,-127.51901842574676,-0.00037800080933392987,-12.833759770636945,17.972680820165916,-0.019561000952419992,116.64762989589053
-1.0,12.1,1.0,1034.3644623298958,-112.10774021657434,-0.0002539996583677336,2.289693010789545,10.094957894630301,-0.0021328393036652974,101.61286359044061
-1.0,12.1,1.0,1079.417240951845,-126.61115766268156,-0.0003695433794477385,-11.843293702231147,17.758858871670085,-0.01873574006897981,116.67009139519905
-1.0,12.200000000000001,1.0,1034.5600138411257,-112.12685974315285,-0.00025177043660166385,2.343702415614358,10.120985117749045,-0.0021366542941771496,101.75627197037102
-1.0,12.200000000000001,1.0,1077.3827932463487,-125.94390530239275,-0.00036159300045079647,-11.120946391910884,17.558397062438715,-0.017951576625119443,116.70913834346811
-1.0,12.3,1.0,1034.467640557158,-112.29655284998368,-0.00024941523305321324,2.2441369928202364,10.14977748876534,-0.0021399304951583925,101.90899926507791
-1.0,12.3,1.0,1078.7150877523593,-125.2746564577103,-0.00035244941373314915,-10.370066716363942,17.360325497217534,-0.017198094442592137,116.73553167364207
-1.0,12.4,1.0,1034.7907380008437,-112.33591472460078,-0.00024768243699834614,2.277817318385293,10.171525707407104,-0.0021402791145918726,102.04586622450097
-1.0,12.4,1.0,1073.8143286673578,-126.0388595477032,-0.0003453998844183409,-11.103496549261061,17.170020142210237,-0.01648322055699429,116.79315211577705
-1.0,12.5,1.0,1034.8515844570734,-112.41905984400078,-0.0002454398690271311,2.264947235015553,10.195614420056994,-0.002140504013479998,102.18914886955736
-1.0,12.5,1.0,1072.6248009981114,-124.92864494028447,-0.00033740138537104516,-9.933150590617963,16.984933551188824,-0.015802149858111902,116.84093589991971
-1.0,12.600000000000001,1.0,1035.2203595736025,-112.48851672842925,-0.00024330614828216114,2.267793572751383,10.218835160550224,-0.002141015747513404,102.341140920812
-1.0,12.600000000000001,1.0,1072.197835436592,-124.04455593359128,-0.0003299825572192546,-8.983316526037733,16.80420814270466,-0.015153243229388075,116.88789968301171
-1.0,12.700000000000001,1.0,1035.2044896889493,-112.51025483829844,-0.0002412096414356362,2.314583727799074,10.243638047257408,-0.00214233138179126,102.49148757495823
-1.0,12.700000000000001,1.0,1071.1241226688112,-123.27949255009729,-0.00032253463492683233,-8.158299593960063,16.626264235455018,-0.01453373817684804,116.94242347427553
-1.0,12.8,1.0,1035.2780766784192,-112.54911170510618,-0.0002391841187896726,2.344467219450791,10.267675729954162,-0.0021445991893215997,102.6406489979936
-1.0,12.8,1.0,1071.4333820808015,-122.51880536061785,-0.00031520587137848357,-7.32698729518638,16.45064071822881,-0.013941657619714732,116.99387457107332
-1.0,12.9,1.0,1035.2481045591878,-112.64866803721357,-0.00023680166241445486,2.3122518508989263,10.295596388399368,-0.002148430471562518,102.78411626707657
-1.0,12.9,1.0,1068.9443636380668,-122.00486046281429,-0.0003086487318648676,-6.765655574899911,16.290259745268045,-0.013389149566296579,117.0642239446679
-1.0,13.0,1.0,1035.4192400022478,-112.66773203013352,-0.00023503424838646305,2.361694664543157,10.32079795979156,-0.0021533656365175183,102.93908228301189
-1.0,13.0,1.0,1067.2619218720672,-121.49000203186847,-0.0003018407616467034,-6.197412848992986,16.130532137044757,-0.012858013456722385,117.14573673070754
-1.0,13.100000000000001,1.0,1035.5616278616424,-112.74729120095176,-0.00023314483293948183,2.349886847589249,10.350868489299366,-0.0021606953003043363,103.0969201777898
-1.0,13.100000000000001,1.0,1064.2160766427405,-124.69368632456236,-0.0003112294185875702,-9.35935287536074,15.620617676714495,-0.011581934812971009,113.01921458604738
-1.0,13.100000000000001,1.0,1067.0374400331752,-121.00740100382389,-0.00029506177461739974,-5.65008686603891,15.977679579021142,-0.012355816025161954,117.21760884166542
-1.0,13.200000000000001,1.0,1035.7085905841884,-112.71468887458732,-0.00023118501883793768,2.449772504048422,10.379667165774288,-0.0021697421223326897,103.2541885775654
-1.0,13.200000000000001,1.0,1063.2674095196378,-124.01228466332283,-0.0003053126678161796,-8.619650678334104,15.418493562594422,-0.011063002620011643,112.87883486420105
-1.0,13.200000000000001,1.0,1066.832667484953,-120.56809491945972,-0.00028854582545786756,-5.146401634446665,15.830860692171417,-0.011879145732018068,117.29422168737892
-1.0,13.3,1.0,1035.899830313744,-112.77292216239846,-0.00022982978737482427,2.4586957253151915,10.411511197982794,-0.0021818052863699163,103.4099558568987
-1.0,13.3,1.0,1061.9479437345376,-123.65460564017377,-0.00029882124973657376,-8.207209433090283,15.21426893023362,-0.01053172757581606,112.70395053065295
-1.0,13.3,1.0,1065.8600189349665,-120.14869433582406,-0.00028236077949893084,-4.669375718476397,15.691676554415338,-0.011429921813069753,117.37963716320701
-1.0,13.4,1.0,1035.9791263797433,-112.75062401550124,-0.00022823289798085873,2.546720285359403,10.445879597946698,-0.0021967447093461994,103.57688234916077
-1.0,13.4,1.0,1060.7133234027572,-123.17658836671501,-0.000293101763884435,-7.674238818255951,15.009845525781596,-0.009999847118406936,112.49610026760001
-1.0,13.4,1.0,1064.891785929727,-119.72810913187901,-0.0002759114269508153,-4.191627711020459,15.556679342755496,-0.011001706304424621,117.47356190877781
-1.0,13.5,1.0,1036.201770460899,-112.75095961890034,-0.0002267094935371875,2.6128290602940165,10.483851651489612,-0.0022160903478584118,103.75710735299344
-1.0,13.5,1.0,1059.3592267722743,-122.20094256586016,-0.00028736639960473624,-6.645114758655812,14.794032350526544,-0.009470792904381116,112.22882422569455
-1.0,13.5,1.0,1063.8152040927037,-119.35172089032335,-0.0002698482099173103,-3.7594518125262524,15.43098309728801,-0.010601746885536362,117.57995623918941
-1.0,13.600000000000001,1.0,1036.3864044171123,-112.74871880880112,-0.00022554183555478926,2.680719043732026,10.524586663559985,-0.002239984742205324,103.93541659920993
-1.0,13.600000000000001,1.0,1056.4622774503885,-120.16848341812172,-0.0002815850730628525,-4.572343774888919,14.558981033988212,-0.008940799210370666,111.82020223029394
-1.0,13.600000000000001,1.0,1062.6317618476223,-119.00158433074114,-0.0002637495698251337,-3.354886558934682,15.311989669727225,-0.010225203380581338,117.69228613738687
-1.0,13.700000000000001,1.0,1036.5849644659527,-112.84757763307002,-0.00022415935262506953,2.6471559726620377,10.569334887272714,-0.0022671217679355307,104.1257451365118
-1.0,13.700000000000001,1.0,1055.375204299286,-118.8727573806309,-0.0002765512980441589,-3.2219317591665195,14.305287853018147,-0.008365147103543125,111.31829853973977
-1.0,13.700000000000001,1.0,1062.0925042195586,-118.64777759927276,-0.00025841472068645756,-2.9418609656005756,15.199032189922555,-0.009870024888016728,117.80325259645451
-1.0,13.8,1.0,1036.883637316485,-112.95453700248692,-0.00022274821850521163,2.6058678955219445,10.607487507989578,-0.0022883600086732,104.30944702151737
-1.0,13.8,1.0,1053.797103539369,-119.95696023116247,-0.00027102196643993994,-4.255967470389184,14.050281804657494,-0.007807073854944158,110.72863895612227
-1.0,13.8,1.0,1061.8687947954786,-118.31800307554072,-0.0002526716847258396,-2.5507515088417225,15.093357213563507,-0.009536993723401485,117.9109747894081
-1.0,13.9,1.0,1036.8575009555163,-112.98840234606612,-0.000221156459118603,2.6344962923175115,10.647733012176642,-0.002309470702256799,104.50755980324175
-1.0,13.9,1.0,1053.1635705371198,-120.70596496269256,-0.0002644189179552601,-4.94748797415062,13.841903841867035,-0.007344561073752693,110.46368960460404
-1.0,13.9,1.0,1061.0371760699634,-118.01921682127028,-0.0002475860975428362,-2.1960612150386862,14.99512703466532,-0.00922560478364222,118.04587426196849
-1.0,14.0,1.0,1037.2089213240267,-112.97576294127843,-0.0002194232442567199,2.71234206756427,10.688739246160932,-0.0023325988778106965,104.6940716295594
-1.0,14.0,1.0,1050.1412406498648,-121.23242660140492,-0.0002589128734785278,-5.436652690526938,13.642374163321277,-0.006914644503630213,110.21118173171999
-1.0,14.0,1.0,1060.749050687365,-117.71498453198035,-0.0002420422329777824,-1.8319287408042968,14.904156116807556,-0.008934294964650282,118.17230297912101
-1.0,14.100000000000001,1.0,1037.4024999433507,-112.97453676525001,-0.00021761827464247187,2.7770089106560976,10.734615312601596,-0.0023596105795931892,104.89400660963929
-1.0,14.100000000000001,1.0,1049.957116134706,-121.56847722339367,-0.0002529898493129559,-5.7124107534454795,13.448328942320789,-0.006505364913142086,110.03375576424696
-1.0,14.100000000000001,1.0,1060.2636539006571,-117.4281190039633,-0.00023674248159832076,-1.4872225295631614,14.820439447526127,-0.008662551931985178,118.32321879134452
-1.0,14.200000000000001,1.0,1037.6494649298875,-112.98614986580611,-0.0002160320652786011,2.8288463831750805,10.781662382841045,-0.0023913528865121495,105.09922679442207
-1.0,14.200000000000001,1.0,1048.5338428701907,-121.47444453035973,-0.0002471290639648209,-5.568781464062756,13.25522184390775,-0.006108594563473851,109.8384121913823
-1.0,14.200000000000001,1.0,1059.833404184379,-117.1366928610144,-0.0002311806483735011,-1.1379427200440684,14.744224063338729,-0.008409798779190028,118.47006642002452
-1.0,14.3,1.0,1037.8584538947496,-112.82656321596637,-0.00021420724756491307,3.051134285124745,10.836329098923,-0.002431271999879716,105.32574115695934
-1.0,14.3,1.0,1047.31402390993,-121.10300120260213,-0.00024148027784887918,-5.146500594393941,13.05950046782026,-0.00571881431557703,109.64577566566095
-1.0,14.3,1.0,1059.3053482451526,-117.00580356262661,-0.00022678182336136383,-0.9504327322171805,14.676543305131819,-0.008178029884739882,118.62915110866561
-1.0,14.4,1.0,1038.2073451729539,-112.63425245845397,-0.00021318499528836,3.306892510984647,10.900654525432664,-0.002484051948514878,105.57522362776035
-1.0,14.4,1.0,1048.2618534150768,-120.45090329706613,-0.0002362519612081492,-4.426021563826542,12.864934576769185,-0.005337522864154994,109.48184078762552
-1.0,14.4,1.0,1058.6314680387766,-117.03508961790489,-0.00022158335439003264,-0.9247222058417344,14.611556982219621,-0.007954986255761088,118.80189047325894
-1.0,14.5,1.0,1038.51003471925,-112.3369174516833,-0.00021203920942502818,3.6668685784326014,10.981101749180832,-0.0025574370164016987,105.85327625706395
-1.0,14.5,1.0,1045.5682390103684,-119.40666355746467,-0.00023079249373860757,-3.3440250741169493,12.655571760170817,-0.0049595789141324296,109.22749211598511
-1.0,14.5,1.0,1058.3791690825958,-117.02280529875468,-0.00021763240369019747,-0.854401951227946,14.546123816453617,-0.007737632259047053,118.95245964193964
-1.0,14.600000000000001,1.0,1039.0758798206175,-111.5635518081845,-0.00021116994601615168,4.504661749750539,11.094870446364478,-0.0026748741443074937,106.19211995205387
-1.0,14.600000000000001,1.0,1044.7201764160309,-117.39676449378766,-0.00022542811523842447,-1.2814823058660458,12.428710412487185,-0.0045597388559414495,108.96337844529899
-1.0,14.600000000000001,1.0,1058.0312756201724,-116.94053554578866,-0.000212846716527967,-0.7152954689368751,14.484782700108912,-0.007529982349007333,119.09509956152851
-1.0,14.700000000000001,1.0,1039.9749210561702,-109.95839583371675,-0.00021189807960196464,6.176620088028111,11.296713248224018,-0.002909147474550685,106.73165450738634
-1.0,14.700000000000001,1.0,1044.014712026405,-112.80891772871102,-0.00022039170938986484,3.3597817318014314,12.130033837339695,-0.004071065306157309,108.50911475499561
-1.0,14.700000000000001,1.0,1057.5381989834054,-116.83804412091351,-0.00020851517441165023,-0.5575676440544959,14.426526747547445,-0.007333078761269762,119.25238569565954
-1.0,14.8,1.0,1057.573356009597,-116.71889399277174,-0.0002042805143552417,-0.37924538686293574,14.37274475252057,-0.0071487066394194795,119.39027795325364
-1.0,14.9,1.0,1057.019269532931,-116.61461806322232,-0.0001998666474036948,-0.22103473638071428,14.323732028532525,-0.0069744498115914995,119.55250094371513
-1.0,15.0,1.0,1056.7891743202845,-116.50804928024607,-0.00019580648680782992,-0.058261177750203993,14.279537945474111,-0.006811399686884639,119.69888011510466
-1.0,15.100000000000001,1.0,1056.2937226624067,-116.41799115045009,-0.0001913650942146272,0.08543313799188047,14.239640608514108,-0.006658467368956463,119.86222338909192
-1.0,15.200000000000001,1.0,1056.1547314677719,-116.2715082130261,-0.00018751778609047836,0.2881020431398908,14.204945140802963,-0.006517446312351426,120.02523131907492
-1.0,15.3,1.0,1056.0566195694323,-116.16812355330765,-0.00018356959574488579,0.4476326955994782,14.174679598332537,-0.006386716239976077,120.18671343247297
-1.0,15.4,1.0,1056.0489357433028,-116.0174537182894,-0.00017994217461660397,0.6548215051550368,14.150184281471471,-0.006266407035448805,120.3547021388631
-1.0,15.5,1.0,1055.700795318135,-115.90335195575932,-0.00017622101054306683,0.8222752033204364,14.132187366742212,-0.006159325311287905,120.54439475445724
-1.0,15.600000000000001,1.0,1055.7809793032231,-115.72654572344884,-0.0001720990593074478,1.055595014504618,14.120785726723783,-0.006064145276347721,120.73331217439681
-1.0,15.700000000000001,1.0,1055.7429505117275,-115.50556817695261,-0.00016849003920181766,1.331757165311453,14.118071432406108,-0.005983801972109138,120.93877910268566
-1.0,15.8,1.0,1055.687546542575,-115.19839695738298,-0.00016459160906367814,1.6936173415956475,14.126837249867261,-0.0059221202586153725,121.17034553577287
-1.0,15.9,1.0,1055.9423340569099,-115.1129415116414,-0.00016095227935348063,1.8359659598531954,14.146646154107293,-0.005878145956779904,121.41309451205416
-1.0,16.0,1.0,1055.912237246339,-115.19200963161353,-0.00015697283264858757,1.811103455574589,14.164698780670285,-0.005832496811743645,121.67326768481507
-1.0,16.1,1.0,1056.1472545500937,-115.19770771237764,-0.00015368960284455372,1.8614529864403107,14.18495076634127,-0.005791571264933582,121.93403843525903
-1.0,16.200000000000003,1.0,1056.271376225026,-115.15761177069045,-0.00015015582072247556,1.9563488970575507,14.209376544435337,-0.0057561062782316465,122.20763252763027
-1.0,16.200000000000003,1.0,2090.6192080511096,-138.3700970477368,-0.00014272825553994663,-15.326155303430447,58.6080055534156,-0.4164839349047327,334.93688799414485
-1.0,16.3,1.0,1056.4614132522381,-115.12466918704709,-0.00014708392050813342,2.044302770548595,14.236188636345906,-0.0057266659457065544,122.48722153875951
-1.0,16.3,1.0,2049.5819561836665,-134.7945635308907,-0.00013870502618625692,-11.869366957028824,57.91427344319637,-0.3924525810299493,333.90098096429483
-1.0,16.4,1.0,1056.5706539745784,-115.08242659408681,-0.00014409165935545332,2.140565340155982,14.269217007909596,-0.005703850169684252,122.7706250347428
-1.0,16.4,1.0,2010.9521163834609,-134.31477454142893,-0.000135167115622015,-11.501727822289958,57.23104705353903,-0.36948514570708135,332.6340774325772
-1.0,16.5,1.0,1056.7476813066762,-115.03207113783876,-0.00014147988134328402,2.245175297968145,14.303880238764279,-0.005687793223610842,123.07264172797568
-1.0,16.5,1.0,1967.695906204552,-134.0139553873134,-0.00013158098915084702,-11.33698528060491,56.572397132998695,-0.348267828089151,331.65048339662826
-1.0,16.6,1.0,1057.1145092994136,-114.97554125177851,-0.00013844923812674135,2.357199632758996,14.343199667782942,-0.005678385356169513,123.37794280149774
-1.0,16.6,1.0,1938.2662214067336,-134.17882018203892,-0.00012849148932424993,-11.580261384148823,55.92976032707461,-0.3286958404599191,330.8120425704592
-1.0,16.700000000000003,1.0,1057.3539565823482,-114.9110927225278,-0.0001359432935288814,2.4757805385513274,14.3887555595103,-0.005677181381352881,123.70125745299629
-1.0,16.700000000000003,1.0,1909.6387160268566,-133.1920494337874,-0.000125401608128487,-10.670570389689544,55.30104865891171,-0.31057794793046967,329.83307289443474
-1.0,16.8,1.0,1057.585476354087,-114.84096590490279,-0.00013350114011388258,2.599662792523328,14.438271280642343,-0.0056827467065407745,124.04214081991631
-1.0,16.8,1.0,1874.5535778551134,-131.9585310005239,-0.0001225053322737163,-9.546265704820932,54.66278143285087,-0.29370075822895897,328.4676196529854
-1.0,16.9,1.0,1057.892036800403,-114.81863833907234,-0.0001306675318642497,2.6760533812509104,14.493361972701681,-0.005695436043836497,124.40037973330891
-1.0,16.9,1.0,1843.8758608837638,-130.61468804545535,-0.00011968263480565726,-8.294200694849705,54.03077488323598,-0.27765995245395364,326.976647580349
-1.0,17.0,1.0,1058.4020200942134,-114.7640270422204,-0.0001279480172885934,2.786092535086788,14.553387599355759,-0.005714673872707501,124.75982438542269
-1.0,17.0,1.0,1816.5723316408948,-129.7305903692155,-0.0001170357101213178,-7.488441003367937,53.410925610107824,-0.26281989628904234,325.42023921305554
-1.0,17.1,1.0,1058.7319708179748,-114.68691858479647,-0.00012565165726544157,2.916849830434332,14.616669921574971,-0.005741400524871447,125.14348444109692
-1.0,17.1,1.0,1788.9688702430174,-129.17420547483147,-0.00011430587915006477,-7.014113291173828,52.79813080099217,-0.2488760353071923,323.86484280136483
-1.0,17.200000000000003,1.0,1059.1788123888446,-114.59648037851946,-0.00012303525089822265,3.061597287651339,14.687244737972394,-0.0057769600366109255,125.54612545980763
-1.0,17.200000000000003,1.0,1179.436908814137,-118.99874876980282,-8.609192155159464e-05,-0.40659945397907726,27.94516374941657,-0.03689121157237923,178.00429691812133
-1.0,17.200000000000003,1.0,1758.7693698166624,-128.31278169945537,-0.00011177177505940065,-6.249923120026022,52.18503877748725,-0.23569471166063038,321.97355844941376
-1.0,17.3,1.0,1059.688103498153,-114.53922563667086,-0.00012087230715257427,3.1733784740387128,14.76451118606011,-0.005821519322933727,125.96953854365165
-1.0,17.3,1.0,1174.3616320092906,-121.87086830830377,-8.54205520169087e-05,-3.2658237489206385,27.620461038400173,-0.03542649143687898,177.0973655128464
-1.0,17.3,1.0,1179.5210681067101,-121.59840486530065,-8.507554437589857e-05,-2.955283677673505,27.899514837806237,-0.036312465166438615,179.2862637857852
-1.0,17.3,1.0,1733.010409097674,-127.21810357303744,-0.000109433461940247,-5.23304865191796,51.56592418479842,-0.22316182563357614,320.04252566578543
-1.0,17.4,1.0,1060.203487385427,-114.37957949648964,-0.00011870741712385858,3.3873087454073745,14.850239873529722,-0.005878644213101773,126.42114024891816
-1.0,17.4,1.0,1170.3174663063821,-121.9987642586159,-8.448739343772556e-05,-3.3736210721314146,27.32594490022542,-0.034105376177212376,176.53250855960596
-1.0,17.4,1.0,1177.2369896231908,-122.72009376453617,-8.3675182437589e-05,-4.043747134034763,27.754591934480874,-0.03543744907230295,179.75286607394355
-1.0,17.4,1.0,1711.2470999055147,-126.81826913427095,-0.00010719865640982241,-4.892922467309774,50.94515744891138,-0.2112851315649118,318.1601236990573
-1.0,17.5,1.0,1060.85857126341,-114.33940461674217,-0.00011617525714040614,3.482622324990952,14.944702126686167,-0.005948551811548193,126.90424025211723
-1.0,17.5,1.0,1167.46201473633,-119.20050819401699,-8.363889924443209e-05,-0.5468084014901369,26.999774564385,-0.0327276167645628,175.75214358365974
-1.0,17.5,1.0,1174.7920916622807,-122.79104932155029,-8.331731944700155e-05,-4.082984744020726,27.603380673058822,-0.034559026638660034,180.12717659679856
-1.0,17.5,1.0,1686.9833643581703,-125.96416189552836,-0.00010482495153142174,-4.1130800977426745,50.323351917241496,-0.20003649120075023,316.05222163054987
-1.0,17.6,1.0,1061.404479401414,-114.16614269822131,-0.000114100414599344,3.709843081121687,15.049611253181828,-0.006031476427740516,127.42158412129538
-1.0,17.6,1.0,1161.9372451463757,-116.90197333062153,-8.33207925629594e-05,1.7600168056020888,26.531948785688805,-0.030978923215064815,173.96808095318556
-1.0,17.6,1.0,1173.8304968647499,-122.66030955727415,-8.206167899918781e-05,-3.909866367878565,27.454647641146984,-0.033710218698083584,180.42707734928263
-1.0,17.6,1.0,1663.4314802206145,-125.05289706108688,-0.00010263833932077322,-3.274442742649888,49.686917036892154,-0.18922429868660046,313.7257156028527
-1.0,17.700000000000003,1.0,1062.2031277147644,-114.0492592418465,-0.00011176115300252023,3.882469364316165,15.165628620483451,-0.00613290670888817,127.97311890770197
-1.0,17.700000000000003,1.0,1156.4722297690046,-116.4869194304105,-8.299775138980662e-05,2.1833330659724925,26.04146417314873,-0.029237881487115768,172.11133872193113
-1.0,17.700000000000003,1.0,1171.9051020963366,-122.33097583863268,-8.127780990677146e-05,-3.5455803327873268,27.315956732556312,-0.03290603440868395,180.76800819109212
-1.0,17.700000000000003,1.0,1644.4130792866647,-124.5989237797225,-0.00010042036401216529,-2.8711395840957787,49.049702040101614,-0.17897085525275055,311.51440605009884
-1.0,17.8,1.0,1062.9661707066068,-113.85743990593369,-0.00010964248504543178,4.129458645928361,15.2952547267022,-0.0062518775420134926,128.58540527111927
-1.0,17.8,1.0,1150.8636446144183,-115.96171603126373,-8.309116211459033e-05,2.7152445274206234,25.5343525735239,-0.027517874240473188,170.14650666306989
-1.0,17.8,1.0,1170.4987262544503,-121.91884378926403,-8.079378781123682e-05,-3.0949440406909945,27.18503633593849,-0.03214590766553439,181.10728705337442
-1.0,17.8,1.0,1617.9135934492626,-123.71320091163147,-9.813896489119124e-05,-2.0775962485807637,48.39671301283796,-0.16910964156731978,308.61045408937935
-1.0,17.9,1.0,1063.943092742673,-113.65025106373508,-0.00010722866967110485,4.393284772871318,15.440959000657779,-0.006393067365449066,129.24712199390342
-1.0,17.9,1.0,1144.868040159671,-115.48351251904775,-8.285990809514376e-05,3.1967395982006055,24.999926388072133,-0.025797288963285862,168.0211337353403
-1.0,17.9,1.0,1168.8599224516563,-121.51912662212325,-7.956666315759321e-05,-2.6587370774911494,27.063550921447003,-0.03142731744124941,181.471856904569
-1.0,17.9,1.0,1595.621444090335,-122.9747798117939,-9.619553365225038e-05,-1.4110257105455895,47.718848434211495,-0.1595170889667283,305.71376285945644
-1.0,18.0,1.0,1065.088526493668,-113.3057177165543,-0.00010489680903710069,4.7955514090814315,15.609023004819718,-0.006567512077864032,129.9838774906275
-1.0,18.0,1.0,1138.9607168220034,-114.74798924755937,-8.296670522348878e-05,3.9357187284016417,24.430232215117247,-0.024063974437121157,165.77305754005283
-1.0,18.0,1.0,1167.6185318691687,-121.07522808339037,-7.881473049506512e-05,-2.1756795809962157,26.95376912718356,-0.030757385960973726,181.86045004920106
-1.0,18.0,1.0,1571.5432149161222,-122.30175227655748,-9.40160446515003e-05,-0.8216816000662943,47.01596233471898,-0.15021725981319906,302.4562497335064
-1.0,18.1,1.0,1066.3102078557454,-112.97522017466693,-0.0001026375926173463,5.184125295427968,15.811699964982123,-0.006791559078489244,130.84888342355862
-1.0,18.1,1.0,1132.5663960038178,-114.11376363446453,-8.299171602466406e-05,4.569164288161854,23.81505218491666,-0.022295246879768246,163.27014370623965
-1.0,18.1,1.0,1166.4633102002392,-120.42573873077248,-7.797949629311077e-05,-1.4866675919515278,26.860658134152473,-0.030148948547483116,182.29371653258204
-1.0,18.1,1.0,1550.4980680603624,-121.29177117667349,-9.199948337830547e-05,0.11931690894203714,46.29296400351448,-0.14123200558332905,299.1702523777976
-1.0,18.200000000000003,1.0,1067.9935976427046,-112.55964483566838,-0.00010035906681895158,5.661256267348089,16.048995055287566,-0.007068282770970934,131.85742796326485
-1.0,18.200000000000003,1.0,1125.92566519025,-113.26129741267243,-8.30762520755446e-05,5.418407800846122,23.139297265707416,-0.020469519908240003,160.51102553047258
-1.0,18.200000000000003,1.0,1165.7996739627044,-119.55114208702634,-7.756932624782623e-05,-0.569158167498337,26.79086365445612,-0.029618391321677495,182.7747210509715
-1.0,18.200000000000003,1.0,1528.1080802744414,-120.61738265383198,-8.984358570892888e-05,0.7152163929765207,45.53545097151173,-0.1324543622272852,295.50007443413506
-1.0,18.3,1.0,1069.974120724324,-111.71965795134687,-9.784487804894567e-05,6.5649271603011385,16.347231332681712,-0.00743675989844925,133.07608706089832
-1.0,18.3,1.0,1118.401116446975,-112.05745578740995,-8.315840451999433e-05,6.6116010043527185,22.36402901843425,-0.01852214538512492,157.30455968721526
-1.0,18.3,1.0,1165.403183491542,-117.68824612524548,-7.645391731889692e-05,1.3383761253395698,26.767287645058015,-0.029227036696105647,183.47773552822673
-1.0,18.3,1.0,1504.4858553391284,-119.585617207729,-8.795768476980329e-05,1.6592547247099179,44.714732929474636,-0.12367251473355537,291.2958828324572
-1.0,18.4,1.0,1072.9029568781991,-110.93659544698781,-9.506580947337265e-05,7.419064922837485,16.771218685326374,-0.00799871455592939,134.7705008601888
-1.0,18.4,1.0,1109.9165776290836,-110.51227937172898,-8.38166217632768e-05,8.13796766573814,21.426006090729054,-0.016349206455472498,153.42576002551596
-1.0,18.4,1.0,1166.633996112287,-116.74505424592233,-7.523236046094502e-05,2.3380700019812912,26.862860325723474,-0.02917688840969967,184.71236385455086
-1.0,18.4,1.0,1480.5258552710986,-118.52656134166617,-8.572320782211041e-05,2.626200764229525,43.848661099524236,-0.11505655643485843,286.68419438266756
-1.0,18.5,1.0,1077.9637094901097,-108.34220179149786,-9.158228615464102e-05,10.101407163367842,17.489357933773178,-0.00903792838067142,137.5908932927705
-1.0,18.5,1.0,1098.4593766503306,-107.87598529537541,-8.532116720869034e-05,10.731214602363226,20.117009086415862,-0.013614930728776339,148.03417651592918
-1.0,18.5,1.0,1167.9844070141633,-116.28458423145096,-7.428550294988414e-05,2.8556655188571844,26.969186770129735,-0.029165479157205413,186.0187087288159
-1.0,18.5,1.0,1454.5067492043445,-117.5521406127459,-8.370913316762193e-05,3.493692480480415,42.88627356157716,-0.10629238461451015,281.3020675340713
-1.0,18.6,1.0,1170.0091601704491,-115.50452357197119,-7.338167896003547e-05,3.697593932338151,27.133024658457565,-0.02931232169324943,187.57050289934796
-1.0,18.6,1.0,1428.3134200822376,-116.40334063199872,-8.136318208609524e-05,4.53146995029517,41.81015571049785,-0.0973448338690929,275.307154604644
-1.0,18.700000000000003,1.0,1173.1082786182403,-114.63271320464048,-7.232174169727435e-05,4.638953240118489,27.38181462859618,-0.029705900334936756,189.59073425190581
-1.0,18.700000000000003,1.0,1398.8402564290109,-114.87809982195533,-7.881104455870796e-05,5.922173562443392,40.56506598063758,-0.08799495710425974,268.038151552636
-1.0,18.8,1.0,1177.6454253444347,-113.69312129636216,-7.12472613357731e-05,5.6583979235266,27.74703500453608,-0.030438555913876106,192.16340006220162
-1.0,18.8,1.0,1365.0561527448633,-113.40864599644758,-7.63865265002e-05,7.225597711688666,39.06724355403166,-0.07797839876678343,259.0098559711705
-1.0,18.9,1.0,1184.9888550111327,-112.22448711189888,-7.018114279271148e-05,7.227104467986894,28.32383347785501,-0.031812547913652,195.87853157687368
-1.0,18.9,1.0,1325.356469109599,-111.30473328237473,-7.323201004109611e-05,9.119230077743671,37.1270555976256,-0.06667843502972778,247.32355614448898
-1.0,19.0,1.0,1199.5866873548698,-109.22177108320227,-6.894311965616374e-05,10.382002627919475,29.432011731936534,-0.0348813088218785,202.47993113511347
-1.0,19.0,1.0,1274.9952687685661,-108.19484601710069,-6.966556419668489e-05,11.938467131523225,34.379738302865135,-0.05321251829013168,230.9395853935639
1.0,3.0,1.0,1024.5383204186467,-100.07405674377443,-0.0007720437682965229,2.127704530246559,8.05026919024169,0.006254980979818375,87.90310125243195
1.0,3.1,1.0,1024.9381441686196,-100.26867650605156,-0.0007586048816748194,2.221269098827185,8.099072082624142,0.006058727355950148,88.12795833964083
1.0,3.2,1.0,1024.6519173052557,-100.21209487726945,-0.0007457897531399131,2.5511776195449754,8.141823150069337,0.005874981855698445,88.36601057830467
1.0,3.3,1.0,1025.1243395283614,-101.17026861911485,-0.0007334981907976216,1.8642745785380788,8.173120706719201,0.005699703628456262,88.58945411694003
1.0,3.4,1.0,1025.4909383125125,-100.7499919985362,-0.0007210773186873285,2.546943961725819,8.20734422889723,0.005534330954885162,88.81262413962122
1.0,3.5,1.0,1025.8594531182443,-101.31684202496052,-0.0007096706918592727,2.234985827857454,8.242257951919404,0.0053798737824422675,89.02038721625195
1.0,3.6,1.0,1026.4667670665226,-101.63810876383816,-0.0006956472383644356,2.163534762683061,8.28029988794416,0.005228278841636146,89.24753011650591
1.0,3.7,1.0,1026.1878935453153,-101.77672036986569,-0.0006856563795432482,2.2605375030370407,8.31376691638723,0.005095885362807691,89.47492998899088
1.0,3.8,1.0,1026.2443499205583,-101.91743242945567,-0.0006731107746822092,2.3519281953997146,8.35088836847569,0.004967612260497346,89.69099485673996
1.0,3.9,1.0,1026.508537111133,-102.19498316511006,-0.0006646499015995424,2.3022249372489427,8.38505390531233,0.004855850450235215,89.88906582162326
1.0,4.0,1.0,1026.9089535046205,-102.41580273255525,-0.0006531113878088024,2.3046890141756395,8.416885103604411,0.004742433582652946,90.11394090886824
1.0,4.1,1.0,1026.4275233987605,-102.66347777192796,-0.0006427618001006857,2.267407904697476,8.453844875896817,0.0046378407636443195,90.3254579741988
1.0,4.2,1.0,1026.7185066413224,-102.89400457006658,-0.0006337400708387687,2.24864278331596,8.485153908148362,0.0045391798012810744,90.52925934617724
1.0,4.3,1.0,1026.6016340621916,-103.06759828252291,-0.0006237134557932818,2.2784335665333924,8.517846858808817,0.004442693677203421,90.7306683582292
1.0,4.4,1.0,1027.1494469529957,-103.34665623977496,-0.0006118057549346126,2.2036818287034805,8.545578328524051,0.004346155670020018,90.93891378766966
1.0,4.5,1.0,1027.3569983294285,-103.431653828195,-0.0006032307475702205,2.3156273516292067,8.573758068306805,0.004258547246264905,91.12845913659112
1.0,4.6,1.0,1027.6737250921128,-103.63798899182154,-0.0005929197194861847,2.302865619623418,8.601016798085787,0.004172463276711771,91.32281826347753
1.0,4.7,1.0,1027.245585151468,-103.86785344316161,-0.0005830684315182696,2.256172452928173,8.632211122414015,0.004093769165899076,91.52542214692494
1.0,4.8,1.0,1027.6358141811581,-104.17404746839722,-0.0005744837178150414,2.1361363923170598,8.66004074660106,0.004020146055556317,91.72239430195623
1.0,4.9,1.0,1028.101436155098,-104.30335635432805,-0.0005649955219329369,2.189849558084164,8.68800653395326,0.003949169277843023,91.90188168725854
1.0,5.0,1.0,1028.6086239233898,-104.49371881838634,-0.0005546177969316957,2.1792391092164074,8.715175767678232,0.0038793833420343237,92.10080257493883
1.0,5.1,1.0,1028.249386442935,-104.64274996603737,-0.0005461924759664281,2.199168929147239,8.74156844479041,0.0038151454940086073,92.27735974894404
1.0,5.2,1.0,1028.1247957291814,-104.72281903898404,-0.0005374167998315807,2.286701917375534,8.769213892175959,0.0037528684901866416,92.46844344648798
1.0,5.300000000000001,1.0,1028.0643493375123,-105.06278244765686,-0.0005276865793670476,2.1116686145427233,8.796520094133697,0.0036914618578607044,92.65136336350952
1.0,5.4,1.0,1027.637373703713,-105.12656481768319,-0.0005188910471177858,2.206627080855735,8.828119159714534,0.003634230576651292,92.84063749054985
1.0,5.5,1.0,1028.2757470570245,-105.31070659278201,-0.0005098208105856571,2.18724887076307,8.84731787002327,0.0035759853142278888,93.01662961789134
1.0,5.6,1.0,1028.8465289982225,-105.49229373694867,-0.00049997013543944,2.1669787082076155,8.872327098986576,0.0035197911862790117,93.18407568413477
1.0,5.7,1.0,1028.7588776977732,-105.63460819142962,-0.0004916611285980311,2.1776525029578924,8.898041344453382,0.003468103101894718,93.36130562903418
1.0,5.800000000000001,1.0,1028.6443167280358,-105.64746395480539,-0.0004818806843838948,2.3148824160855175,8.921127508801089,0.0034166425101221825,93.5393438873316
1.0,5.9,1.0,1028.2725090338624,-105.8577536635977,-0.0004723665905702663,2.249923436920837,8.950966401727683,0.0033692424417858437,93.71484986298765
1.0,6.0,1.0,1029.4996612059276,-106.01822234267553,-0.0004646726814258431,2.245791498354323,8.97061171815832,0.0033242402961777048,93.87875234189141
1.0,6.1,1.0,1029.4003511873514,-106.1917059653807,-0.00045482334429857243,2.2150317997163302,8.993396087096894,0.0032790839371863527,94.03819106944866
1.0,6.2,1.0,1029.569665086893,-106.36602167046979,-0.00044617243576905343,2.1833730553384108,9.015567858391677,0.0032370010951689784,94.21857858107796
1.0,6.300000000000001,1.0,1029.188158044178,-106.47823532888773,-0.0004373411440737263,2.206908611836563,9.038054984965449,0.00319607964376516,94.3794418521411
1.0,6.4,1.0,1029.4442635824669,-106.60155418174114,-0.00042826480265794876,2.222530321036439,9.061401656580282,0.0031564255167956857,94.54168056779145
1.0,6.5,1.0,1029.3174407396048,-106.77692601659773,-0.00041892645108155624,2.1807466730605607,9.085207686252645,0.0031179375188252582,94.71273740263769
1.0,6.6,1.0,1029.5585362898714,-106.95097843945182,-0.00041053067903668744,2.1413316776774347,9.106807558038879,0.0030811483415937426,94.85906615365093
1.0,6.7,1.0,1030.08099941048,-107.12809795268261,-0.0004013841313357659,2.0992270128482122,9.128273205470123,0.003044416482925326,95.02189098268445
1.0,6.800000000000001,1.0,1029.9282677936226,-107.20675283294733,-0.0003934428195596298,2.147958426328672,9.148899673593329,0.003009801254972563,95.17992843031425
1.0,6.9,1.0,1029.8389953219478,-107.38893500311461,-0.0003851808181527443,2.091818643661651,9.170726011954237,0.0029758660829490393,95.34570024422192
1.0,7.0,1.0,1029.920853514439,-107.39781466834108,-0.0003772625842736148,2.2086004283863963,9.193662899912127,0.0029432085414135,95.50145517162036
1.0,7.1000000000000005,1.0,1030.0206463267289,-107.5498015931049,-0.0003695742256847607,2.180653556322305,9.215264431440179,0.0029112919131820923,95.65939804911613
1.0,7.2,1.0,1030.4816735753438,-107.6062547336992,-0.00036215011414684534,2.2495627960033895,9.234882037016725,0.002880077851541675,95.8153030903377
1.0,7.3,1.0,1030.2311520982687,-107.93870450939036,-0.0003552723677589931,2.0348015239156214,9.260977471026521,0.0028514973695457383,95.96971351245156
1.0,7.4,1.0,1030.0963998993714,-107.94871293405254,-0.0003493376041303561,2.1418281851932814,9.279599707008963,0.002823367328681374,96.11577232784839
1.0,7.5,1.0,1030.324258874342,-108.09655536982353,-0.0003428330423688356,2.112491238317377,9.298513045140243,0.0027953720038434177,96.26254010783578
1.0,7.6000000000000005,1.0,1030.089491014564,-108.1766303840068,-0.0003366719830914937,2.145477263918882,9.32209403838505,0.002769369012104816,96.40912623141958
1.0,7.7,1.0,1030.586939512326,-108.28887590238541,-0.0003314336094700982,2.15096272277798,9.339387465775147,0.0027439347683342083,96.57114899921089
1.0,7.800000000000001,1.0,1030.7102489417377,-108.4035070521217,-0.0003253231817264028,2.149442214989524,9.359494632966298,0.0027188250188915474,96.71290334753758
1.0,7.9,1.0,1030.765825111995,-108.5352231787682,-0.00032064778943006675,2.128839517798952,9.381724773144136,0.0026961738127614134,96.86626043972228
1.0,8.0,1.0,1030.7429165896963,-108.59210807149695,-0.0003155271273134428,2.1810143744869164,9.405613007998038,0.0026742744413959752,97.01176525188566
1.0,8.100000000000001,1.0,1030.8910439186996,-108.691321999019,-0.0003103380931001136,2.190944048982961,9.423158992859896,0.00265184481782449,97.14605292316173
1.0,8.2,1.0,1030.9845941573487,-108.93539640745678,-0.0003063592283450537,2.0542305141862487,9.442609658663377,0.002631417431812012,97.28883035506078
1.0,8.3,1.0,1031.4865222683575,-108.85647449066684,-0.0003011890913563348,2.2426597002685904,9.462951859198261,0.0026108828119537956,97.43628707542848
1.0,8.4,1.0,1030.9037453703113,-109.05103942491121,-0.00029735084287136075,2.147205996369793,9.486028062649623,0.00259156886728129,97.58481916215806
1.0,8.5,1.0,1031.6050309594566,-109.14362426764782,-0.0002930006725126406,2.163316276314534,9.501849700686769,0.0025706808962892604,97.7324435725941
1.0,8.600000000000001,1.0,1031.491211782149,-109.30812086910585,-0.0002891640361860417,2.0994479632555403,9.522881836412202,0.002551452376080398,97.87198513402473
1.0,8.7,1.0,1031.479408749458,-109.33358879013804,-0.0002852276668450788,2.174292742856342,9.540816863327061,0.0025322148476740747,98.01485450766177
1.0,8.8,1.0,1031.6636280817854,-109.40031537322572,-0.00028096016429541264,2.208381419939492,9.560838690919923,0.002513718378394661,98.1468209649247
1.0,8.9,1.0,1031.4546431701438,-109.56386342245867,-0.00027777953649993966,2.1412171942493243,9.58234613488053,0.0024969466575351673,98.29849337034739
1.0,9.0,1.0,1031.6514828722422,-109.65706157363462,-0.00027454325527220526,2.146723293592337,9.600365255902515,0.002480313945365925,98.43526254816425
1.0,9.100000000000001,1.0,1031.804872284787,-109.74832633843005,-0.0002709941952594181,2.1527239886607488,9.619842679330185,0.002464367431551351,98.57265569330048
1.0,9.2,1.0,1031.9398318211097,-109.87395927644747,-0.0002677398875125871,2.1231525323406846,9.639474361766876,0.0024494006089684477,98.70439777120464
1.0,9.3,1.0,1031.9639095488383,-109.90863610105426,-0.0002653308055167271,2.1825783839045156,9.659857800517296,0.00243597441556391,98.85181572616966
1.0,9.4,1.0,1032.1362003060342,-110.0079713781542,-0.0002625639291662709,2.1775884659648415,9.680618374297365,0.0024232728627857454,98.9812287815148
1.0,9.5,1.0,1032.173951909259,-110.10154620266292,-0.0002598306212876281,2.176243632815963,9.701668574229519,0.0024113718472158563,99.12377592809571
1.0,9.600000000000001,1.0,1032.1660940734268,-110.21104885382306,-0.0002572354149812321,2.157624816413497,9.722208871935585,0.0024002312691515813,99.26032757105168
1.0,9.7,1.0,1032.4287866275665,-110.3001420387393,-0.0002547901083447818,2.1607495412520668,9.742308784102251,0.002390001175545953,99.40616923308335
1.0,9.8,1.0,1032.480763068692,-110.33828755269896,-0.000252381077027172,2.2121257169140343,9.764319225635148,0.002380995312852737,99.54271025440175
1.0,9.9,1.0,1032.4610633273069,-110.46843689231923,-0.00024978624749193075,2.1699904321390937,9.785149852419204,0.0023712749876909803,99.68377089335263
1.0,10.0,1.0,1032.5436170299608,-110.54373359588875,-0.0002474331846487147,2.1826819636774104,9.805801965054453,0.0023605535680973773,99.82196265874336
1.0,10.100000000000001,1.0,1032.9035301115196,-110.64327046993239,-0.0002449070229439969,2.1725971466853378,9.825870382953935,0.002349480628007534,99.95281280155814
1.0,10.2,1.0,1032.735528329377,-110.72333153192875,-0.00024280243337679126,2.1766970646369117,9.84482899944546,0.0023389144439379186,100.0927868590552
1.0,10.3,1.0,1032.6897479201364,-110.8099265155574,-0.00024029513326867747,2.174455584915618,9.86811762126114,0.002329325195095577,100.23276804630859
1.0,10.4,1.0,1033.0396266471955,-110.94915369944918,-0.00023791048568925778,2.122090618191261,9.885368451217303,0.0023193713966446956,100.36238339014471
1.0,10.5,1.0,1033.0208909502653,-110.9658738534935,-0.00023573437225159265,2.1883299506114646,9.909269277570287,0.0023114693235524644,100.50489352537261
1.0,10.600000000000001,1.0,1033.097099461117,-111.02058669676384,-0.0002340229390862672,2.216587475771211,9.926415694157567,0.002303558803696964,100.6448366688428
1.0,10.7,1.0,1033.362458066428,-111.08318529744577,-0.00023132491625221308,2.2377751737756584,9.951769250954536,0.0022972651316102767,100.78168881598776
1.0,10.8,1.0,1033.2100834294588,-111.18980599215244,-0.00022974104242542759,2.2106715774583634,9.971200189852453,0.0022917339002231094,100.92186233167831
1.0,10.9,1.0,1033.3641529434296,-111.21696904662743,-0.00022792096623362412,2.264856671966063,9.99319293086609,0.002287495963738801,101.05691188711535
1.0,11.0,1.0,1033.542659555886,-111.32753766961198,-0.00022627664113932322,2.2351104476478727,10.014772002999553,0.002284426778724061,101.19030424375887
1.0,11.1,1.0,1033.679132895722,-111.42250461321426,-0.00022445404938235144,2.2198943998756127,10.038619387786,0.0022827035539149942,101.33881862352519
1.0,11.200000000000001,1.0,1033.803638354864,-111.42607679572048,-0.00022245851566792603,2.2952672418912656,10.06571869291343,0.0022829022342983046,101.4818016164736
1.0,11.3,1.0,1033.8314106554967,-111.49125455064306,-0.0002209781806770688,2.3075297591813038,10.09018746257931,0.0022843126774755368,101.6307039397434
1.0,11.4,1.0,1034.025135041315,-111.53442197927308,-0.0002197380577221931,2.342516699494074,10.115189768879759,0.0022872347813522108,101.77353912735362
1.0,11.4,1.0,1073.7978713295179,-126.42114252015256,-0.0003147892555898167,-12.216279930300002,17.518752741419398,0.01934473409991796,116.70387768095316
1.0,11.5,1.0,1034.241563558423,-111.67370101758002,-0.00021815183515873238,2.280913681047382,10.140911168648156,0.0022884676399235154,101.91711858139752
1.0,11.5,1.0,1071.6601606889833,-125.30748730033113,-0.00030867838592069183,-11.044080095360645,17.32767420394549,0.018524421829708912,116.74110319219562
1.0,11.6,1.0,1034.3919824629527,-111.7843877935058,-0.0002165373660427536,2.2466914420713335,10.165091541527458,0.002287827150389756,102.06733060762872
1.0,11.6,1.0,1070.2435721859517,-124.5361421570807,-0.00030143407367076686,-10.209028375079502,17.133334745490615,0.017737678307927635,116.78649135895012
1.0,11.700000000000001,1.0,1034.5678102176694,-111.85600332567824,-0.0002145755245960544,2.251107715654342,10.189433288285965,0.0022868615051465082,102.21227767790515
1.0,11.700000000000001,1.0,1070.1976459084567,-123.87834486076044,-0.00029493462174832357,-9.47705286460084,16.942853576890272,0.0169906566543733,116.83040416630502
1.0,11.8,1.0,1034.5125388776578,-111.94886964023259,-0.00021326370307047033,2.231698948165998,10.21204972584578,0.0022863395447478762,102.35373077442637
1.0,11.8,1.0,1070.5911841112827,-123.28672243424816,-0.00028928135970996956,-8.808319750338267,16.76026005316031,0.016278725740930974,116.87649952551601
1.0,11.9,1.0,1034.7123194302385,-111.93744596840477,-0.0002112938287116203,2.3180969510535636,10.236431419299457,0.002286375140396547,102.50773743483023
1.0,11.9,1.0,1069.1581873225234,-122.6642429731942,-0.0002830524167651146,-8.124181372684237,16.588258928642905,0.015600822837065905,116.93137527793442
1.0,12.0,1.0,1034.6059946051892,-111.98856536942735,-0.00020966971149672176,2.338769029711488,10.264907269486596,0.0022883111302190815,102.65436759122713
1.0,12.0,1.0,1066.8401855271002,-122.04377740787683,-0.0002767635704456048,-7.449888398445724,16.418458805199833,0.014957951611351605,116.99700400280926
1.0,12.1,1.0,1034.8904955790529,-112.04910518542233,-0.00020825278771254303,2.3526984418865258,10.288977757559135,0.0022909030265490446,102.8020469338735
1.0,12.1,1.0,1067.2453600411611,-121.45014218853262,-0.0002711868948827562,-6.780878088504452,16.24950616986801,0.014341461280939606,117.05429039409864
1.0,12.200000000000001,1.0,1034.9698055865347,-112.12598298872169,-0.00020689388665640356,2.347974114355672,10.315709212035745,0.0022956208965548533,102.94714149027368
1.0,12.200000000000001,1.0,1065.465962486322,-120.95265474653156,-0.00026546418825029933,-6.22640106396753,16.095574285973704,0.013767251407390588,117.12894412978858
1.0,12.3,1.0,1035.0635425238931,-112.19254257845958,-0.00020541893545430984,2.3531053080290794,10.34390491982957,0.002302007211533252,103.11260668048908
1.0,12.3,1.0,1065.1007918062128,-120.46804773415795,-0.0002598542906878182,-5.673871500203297,15.941119623705617,0.013215538469904696,117.20728545786642
1.0,12.4,1.0,1035.2199964533165,-112.20120974323143,-0.00020410739969373856,2.416081113377224,10.374670423974756,0.002311349485896756,103.26621487270586
1.0,12.4,1.0,1064.8826013221174,-120.03819117404757,-0.00025434692893487577,-5.17546849717418,15.796988647090526,0.012698529893088378,117.28502413743081
1.0,12.5,1.0,1035.32560567698,-112.1884046286014,-0.00020277001233938143,2.499537503908491,10.406050156161697,0.002323104755798651,103.43073145695598
1.0,12.5,1.0,1063.7637306051772,-119.59927180660286,-0.00024886249700504885,-4.675919107636813,15.655694302871373,0.012205397972359205,117.37451059479372
1.0,12.600000000000001,1.0,1035.5189569355975,-112.24878689942963,-0.00020158150507736166,2.5099866604533974,10.440349749454365,0.0023382536433575723,103.601873503354
1.0,12.600000000000001,1.0,1058.542376907936,-122.92367921508287,-0.0002590741937991808,-7.973844259943434,14.975987850990318,0.010668426873686002,112.49970613901041
1.0,12.600000000000001,1.0,1061.8684724314642,-119.20014482964669,-0.00024384912021074303,-4.223075548063873,15.52443398810994,0.011744848342489712,117.47203827685553
1.0,12.700000000000001,1.0,1035.7633311398044,-112.21989672303002,-0.00020047521099524141,2.609588806085841,10.477741267587373,0.002357876005003899,103.77023516934423
1.0,12.700000000000001,1.0,1057.3365101272589,-121.46666548059896,-0.00025425928426852545,-6.4580722266661335,14.762970132413887,0.010108883434696214,112.23367478937143
1.0,12.700000000000001,1.0,1061.3395288940687,-118.81792851146486,-0.00023850195608711387,-3.7765287995132186,15.399328849715687,0.011307130853912026,117.5718712315911
1.0,12.8,1.0,1036.0026869475646,-112.21493252109046,-0.00019965755712693503,2.6846841651177265,10.519554728901372,0.0023829596835194594,103.95402212606132
1.0,12.8,1.0,1054.0631069121018,-119.52502970305055,-0.00024929263150484947,-4.475248758882752,14.529670473262275,0.009520592185694366,111.80992513311503
1.0,12.8,1.0,1060.8483588659435,-118.46727087232935,-0.00023373299001250075,-3.361771569098358,15.279547819713994,0.010897174504888682,117.68375513576848
1.0,12.9,1.0,1036.1874309497218,-112.32671429990573,-0.00019870749630201363,2.6420450125843726,10.563125987604941,0.0024101592046040345,104.14427065707605
1.0,12.9,1.0,1053.1299229543326,-118.29398056587944,-0.0002451416751131358,-3.1843021640922116,14.277660328000044,0.008901965715487155,111.29777094374731
1.0,12.9,1.0,1060.8388515400723,-118.12520897277575,-0.00022898120171299042,-2.9521974516207776,15.16690554314394,0.010511377975134292,117.78936715802683
1.0,13.0,1.0,1036.398840431953,-112.42872778300993,-0.00019740112856613104,2.6088750323858703,10.602309971904306,0.00243167807675786,104.32969927543672
1.0,13.0,1.0,1054.7885515180146,-119.12020710560247,-0.00024023292262790707,-3.9297916786607727,14.031098960013992,0.008310981492969513,110.81410675674033
1.0,13.0,1.0,1059.7608219252052,-117.80269545746388,-0.0002241280570722076,-2.571447080594591,15.061621052603606,0.010149024110557459,117.91312710662078
1.0,13.100000000000001,1.0,1036.587234843033,-112.46212162613898,-0.00019615151996034034,2.643617565970199,10.641567806046787,0.002452937539008603,104.51765801013335
1.0,13.100000000000001,1.0,1053.1679692812925,-119.99561362607234,-0.00023457704998045302,-4.752000293119419,13.818003652164277,0.007804237313247465,110.49516994205442
1.0,13.100000000000001,1.0,1058.9386569663272,-117.49704854101289,-0.00021939359048726227,-2.2059871806494047,14.963995054160101,0.009811776022933741,118.03989633019046
1.0,13.200000000000001,1.0,1036.6824677420689,-112.46443450586592,-0.00019501462658173265,2.708154210035132,10.685144145962209,0.0024774410354375014,104.71574337786751
1.0,13.200000000000001,1.0,1048.643853128114,-120.44605055603088,-0.00022974772573521867,-5.173781874724368,13.614946876857857,0.007331949548019643,110.2088626556897
1.0,13.200000000000001,1.0,1058.6573745283338,-117.21431107292663,-0.0002147164507135269,-1.85950918985213,14.874106407500237,0.009495605110971961,118.17723458215005
1.0,13.3,1.0,1036.995516638057,-112.40452358884929,-0.00019343353117655518,2.8362402391803,10.728638137091988,0.0025045931516657037,104.90853624152169
1.0,13.3,1.0,1050.028996672305,-120.74469288261497,-0.00022479461752070992,-5.395409422097072,13.4221630304141,0.006886259439682627,110.05442330970254
1.0,13.3,1.0,1058.2046164022452,-116.92493006924991,-0.00021033431721042653,-1.508293879520386,14.791879099634553,0.009202287447733003,118.31373871550295
1.0,13.4,1.0,1037.2701974397135,-112.3921463735409,-0.00019209428794018262,2.9159796889617784,10.778008853917168,0.002538501889642811,105.12715226642831
1.0,13.4,1.0,1049.1423994414517,-120.78491077591428,-0.00021974573016918003,-5.37790628863581,13.230377781688459,0.006459561533536826,109.86796725824024
1.0,13.4,1.0,1057.8406509477923,-116.6340192191049,-0.00020618464122815281,-1.1553120236974517,14.716467059607366,0.008931013911508318,118.47145389754405
1.0,13.5,1.0,1037.3017258964762,-112.31413997761334,-0.00019103931225164975,3.058828441388879,10.834410030405046,0.0025812644526365235,105.35108466455131
1.0,13.5,1.0,1048.3141232032856,-120.52833072930825,-0.00021488850440775997,-5.0636117352658,13.037896772901387,0.006047004264839386,109.67949528354711
1.0,13.5,1.0,1057.579031916412,-116.50543670820147,-0.00020192741580018367,-0.9643027770798026,14.648536402869684,0.008679243901396353,118.62667880109348
1.0,13.600000000000001,1.0,1037.6918334554957,-112.1313187929231,-0.00018977279938985108,3.309017125033881,10.897540155525252,0.0026364949227607425,105.59788490285791
1.0,13.600000000000001,1.0,1045.6200076261855,-119.87719687012734,-0.00021036969311234873,-4.3707306380889905,12.832601408178796,0.005640383623573098,109.44337931652899
1.0,13.600000000000001,1.0,1056.9724519072327,-116.51833474913738,-0.00019771047341866593,-0.9180855043084999,14.584505301758355,0.008438046069243183,118.7961660472356
1.0,13.700000000000001,1.0,1038.1683928609668,-111.7865105996081,-0.00018893650236728377,3.7214457321383767,10.979142770485065,0.0027153662443755357,105.8707597775383
1.0,13.700000000000001,1.0,1044.1952545473416,-118.68841189228142,-0.00020566422213966781,-3.130160581265717,12.624753140865245,0.005229099439688294,109.20725637686337
1.0,13.700000000000001,1.0,1056.6637133070194,-116.52067059840606,-0.00019387265509508675,-0.8593295095618161,14.520119059979642,0.00820281976046086,118.94824415301537
1.0,13.8,1.0,1038.4952501411938,-111.01342679094115,-0.0001887769513829553,4.560434004116205,11.098929830669736,0.0028463948797598304,106.23417357508151
1.0,13.8,1.0,1043.6163649400987,-116.59968691782261,-0.0002009222650906509,-0.9830866545333905,12.397177470912201,0.004800547530680264,108.94132583219198
1.0,13.8,1.0,1056.1069395810957,-116.43840466445856,-0.00018956591326378588,-0.7184754437142405,14.459479685293921,0.007977981174267158,119.10250905513203
1.0,13.9,1.0,1039.557412745956,-109.30850429706105,-0.00018946989033690717,6.336950769398861,11.309408454648523,0.0031078302816925692,106.78336986512659
1.0,13.9,1.0,1042.9275737066694,-111.76577469453792,-0.00019637642853707795,3.9078006832751586,12.086861910713722,0.0042607524686213444,108.45325605056223
1.0,13.9,1.0,1055.9190307638487,-116.35477521721211,-0.00018613228468392464,-0.5736807355991052,14.401404900383842,0.007767264139390178,119.2534842042678
1.0,14.0,1.0,1055.7715569369561,-116.23296157014826,-0.0001825348329792966,-0.3908191679160399,14.348244107104996,0.007567571819132654,119.39709178555131
1.0,14.100000000000001,1.0,1055.5541632803145,-116.13383914005477,-0.00017889776848814686,-0.23166752886334008,14.300034687310763,0.0073801470640174945,119.55369052952392
1.0,14.200000000000001,1.0,1055.3160059965423,-116.03855314501216,-0.00017493824345381844,-0.07696081627538418,14.257030530119922,0.00720325738612265,119.70163199275703
1.0,14.3,1.0,1054.864811567643,-115.91431645442945,-0.00017178933041379292,0.1045121896312527,14.216791626268101,0.007040077570549699,119.8677659613968
1.0,14.4,1.0,1054.8148193548004,-115.80093469897879,-0.00016853657746432113,0.2780081330048798,14.181760184693783,0.006887810306899,120.02638537485018
1.0,14.5,1.0,1054.7555946966525,-115.70359537411079,-0.00016516258232863955,0.43496658657820875,14.152190155408263,0.0067468204409517115,120.18436837191894
1.0,14.600000000000001,1.0,1054.6690754656602,-115.58362691976957,-0.0001616789547410333,0.6139161150512829,14.12828917009715,0.006617924888579081,120.35776236933452
1.0,14.700000000000001,1.0,1054.4937322519504,-115.42999294809377,-0.00015837671233208338,0.8253921776577349,14.11059918349022,0.006501647008192455,120.54176418242241
1.0,14.8,1.0,1054.4643415671142,-115.26599838791435,-0.00015499871754629107,1.0480288776429028,14.09953459155917,0.0063988062232221785,120.72726149078517
1.0,14.9,1.0,1054.4334796822495,-115.05117237522943,-0.00015160553650387556,1.3210883366169066,14.097034023452098,0.006311534592160799,120.93530138144979
1.0,15.0,1.0,1054.455892726116,-114.74572650336182,-0.00014823836099465366,1.684815279533073,14.106882929715242,0.006244781577734012,121.16647666418521
1.0,15.100000000000001,1.0,1054.6324083972168,-114.7137711030488,-0.00014512275985181057,1.7759352232117793,14.125246403132419,0.006195673400877521,121.4156340167774
1.0,15.200000000000001,1.0,1054.816916740011,-114.73974745819362,-0.00014168060621139446,1.8088077057444283,14.14468673851739,0.006145803768895208,121.67152758013253
1.0,15.3,1.0,1054.8693106368978,-114.75037499637111,-0.0001388008627725406,1.8555655720962547,14.164392430222474,0.006100809697790227,121.93172803946709
1.0,15.4,1.0,1055.0060054764415,-114.69998508292329,-0.00013566713529866145,1.9636636369871874,14.189438343640441,0.006061368982525326,122.2018807154318
1.0,15.5,1.0,1055.2469838488084,-114.65264637608252,-0.0001329595373112226,2.0692029370509237,14.217073316543473,0.006028958600497223,122.4797495907851
1.0,15.600000000000001,1.0,1055.3588270343541,-114.63763558855305,-0.000130497664041976,2.140989814948027,14.247686382198841,0.006002587002100164,122.77318496441421
1.0,15.700000000000001,1.0,1055.6729329716604,-114.58143530627763,-0.00012807731204635784,2.2552735504630768,14.28268613744051,0.005983879147762617,123.06254072628144
1.0,15.8,1.0,1055.830251063474,-114.53338555209803,-0.00012534952986603678,2.359763556682648,14.323957701520454,0.005972715679469668,123.37722250215757
1.0,15.8,1.0,1934.206749995413,-134.68936974572892,-0.00012245461143555022,-12.538047660883976,56.20208159838564,0.43715537073143074,333.1128199468221
1.0,15.9,1.0,1056.1461902250087,-114.48864706827173,-0.0001233732234641585,2.4618995267892934,14.368297270157584,0.0059687540071164695,123.69698174073164
1.0,15.9,1.0,1901.9631115052139,-134.87035983358277,-0.00011935435442535894,-12.810256201623027,55.56980631033313,0.4082568150881422,332.04655613256455
1.0,16.0,1.0,1056.4481487646474,-114.43749772957614,-0.00012078885398950399,2.569986440910714,14.417273290332282,0.0059730577856361225,124.0378440110735
1.0,16.0,1.0,1868.0824288823162,-133.87510642721375,-0.00011655871803766142,-11.916669505344478,54.955325264100246,0.38240397383567076,331.06140194049476
1.0,16.1,1.0,1056.8031823937865,-114.40632412108003,-0.00011852857986401394,2.658194176473278,14.472718318536847,0.005984406328495972,124.3868402552207
1.0,16.1,1.0,1839.7785282979562,-133.45215995297593,-0.00011396625871543184,-11.572217546402037,54.35147826052172,0.35860845560629184,329.9936142767983
1.0,16.200000000000003,1.0,1057.0724521399745,-114.34041270850894,-0.00011643649754579877,2.7800991195070153,14.531580451148955,0.006002693274622936,124.75850909651308
1.0,16.200000000000003,1.0,1812.8986839371776,-132.236923966474,-0.00011137783577171564,-10.431041623889925,53.744309004808045,0.33645405988724525,328.74764697132105
1.0,16.3,1.0,1057.4801044909104,-114.30175449191344,-0.00011414803030304141,2.8755558497032268,14.59578747484056,0.006029344160784645,125.13973591910144
1.0,16.3,1.0,1786.6880853309515,-130.55860914468155,-0.0001088843603360391,-8.825773346452085,53.13044435229924,0.31592856827506877,327.284571869659
1.0,16.4,1.0,1057.9023587621539,-114.20857229674905,-0.00011216355141807112,3.025328536982144,14.666124294191729,0.006064812593751352,125.54143982311507
1.0,16.4,1.0,1760.9067431266512,-129.56983202864424,-0.00010622719774847902,-7.910121709993462,52.52796184833591,0.29688543829593217,325.6294898365304
1.0,16.5,1.0,1058.352003367268,-114.14647247892322,-0.0001099675244906898,3.143919097273385,14.741965004744145,0.0061094884129556,125.96583292859395
1.0,16.5,1.0,1170.993785368878,-118.5438349866412,-7.83829041625647e-05,-0.3749859151451349,27.66520365586463,0.038319940919685706,177.6074993996126
1.0,16.5,1.0,1737.118434823512,-128.90307037617222,-0.00010415311563970283,-7.308698755249642,51.94290082270577,0.27937426258206144,324.0622384457165
1.0,16.6,1.0,1058.9567979614508,-114.02971210659354,-0.00010801405248942073,3.3181225212186978,14.826766239119937,0.006167209164333207,126.41002409114935
1.0,16.6,1.0,1165.9998599803919,-121.8661394852177,-7.742934025066519e-05,-3.6819303296652794,27.36391931086547,0.03682698982692189,176.88039098419358
1.0,16.6,1.0,1171.1705984875998,-121.79906157071245,-7.730660466713694e-05,-3.576419280162284,27.703075151991136,0.03799087271562111,179.49267610054721
1.0,16.6,1.0,1715.2097518784888,-127.95746042070894,-0.0001017018063975395,-6.420852213811364,51.34710990474553,0.2629873642215325,322.40763049134785
1.0,16.700000000000003,1.0,1059.586978601164,-113.91540909745235,-0.00010590630537669999,3.489758482964486,14.921438194416355,0.00623901028309894,126.8829276080478
1.0,16.700000000000003,1.0,1162.0930058399445,-120.95089623202071,-7.675527358534048e-05,-2.7436723067077544,27.068944758335494,0.03540657973871693,176.29197213050247
1.0,16.700000000000003,1.0,1168.8112258893216,-122.39415231931747,-7.636836585007911e-05,-4.1368590451361165,27.55801634580695,0.03703950171132807,179.91883095565117
1.0,16.700000000000003,1.0,1689.0890516079721,-126.86810781737067,-9.979062233780021e-05,-5.412627665633646,50.74429029755561,0.24754175058404912,320.30347671872823
1.0,16.8,1.0,1060.0838043858894,-113.81035863521429,-0.00010409521227413697,3.650735085540612,15.025654969154813,0.006324946858340001,127.40498508208657
1.0,16.8,1.0,1158.1136461970407,-116.89327719893755,-7.64867583471848e-05,1.3360085021271322,26.66361818618974,0.033674405067987266,174.9220316906758
1.0,16.8,1.0,1167.1962350621718,-122.33418363208023,-7.593859845300921e-05,-4.0370444986377,27.40888233456667,0.03609737688813115,180.25870912348273
1.0,16.8,1.0,1663.4296821433709,-126.24990866821594,-9.760892810466645e-05,-4.875536489926322,50.13465055391252,0.2329974801903897,318.0047711768184
1.0,16.9,1.0,1060.8498478602182,-113.65621251900967,-0.00010203631521144992,3.862701978266556,15.138797238027381,0.0064254978111376055,127.95760476710711
1.0,16.9,1.0,1153.170624075491,-116.26367562962766,-7.63614195429741e-05,1.9800062364323034,26.17931492692567,0.031759541212718026,173.08631257506295
1.0,16.9,1.0,1165.6893813295892,-122.13001161803246,-7.493980753925371e-05,-3.792545778969898,27.266383217589794,0.03519959030018726,180.59338590291918
1.0,16.9,1.0,1644.889012811033,-125.57916871669195,-9.553576669349366e-05,-4.250607094601888,49.523155958300286,0.21935960084178258,316.0446199345888
1.0,17.0,1.0,1061.6506000075053,-113.45058592245196,-9.996553971579946e-05,4.1261246613819,15.267568756043273,0.006548135681716737,128.56017739816707
1.0,17.0,1.0,1147.6397675369992,-115.77804762779348,-7.615981719932094e-05,2.4751187361266718,25.674836784328253,0.02987032223285576,171.10494829333038
1.0,17.0,1.0,1164.4454847357583,-121.74466805868146,-7.41666524220755e-05,-3.3652322404997523,27.132582223482522,0.03435125681008547,180.91759701760748
1.0,17.0,1.0,1621.6368919787758,-124.73066101164817,-9.370620921548226e-05,-3.474516559332791,48.900032659342315,0.20640696789202434,313.5096538791213
1.0,17.1,1.0,1062.5849751460482,-113.2950623078744,-9.801963234307859e-05,4.340231334262002,15.410791062720497,0.006693112761410495,129.2065929058772
1.0,17.1,1.0,1142.080671455133,-115.15903623426183,-7.561776364169837e-05,3.1028972234892533,25.14343559100433,0.027981016176433,168.99550704070225
1.0,17.1,1.0,1163.1971522762644,-121.35002055980456,-7.367204337683532e-05,-2.9289580742718586,27.00811672457487,0.03354866005427237,181.26404029923833
1.0,17.1,1.0,1598.5296127452625,-124.02855385584374,-9.14904684735016e-05,-2.8461264378680244,48.25766782437829,0.19401999840693762,310.7554968157574
1.0,17.200000000000003,1.0,1063.5864019058927,-112.95557239610609,-9.601909411993391e-05,4.738548084781132,15.578869940861939,0.006873985953768199,129.9582599981395
1.0,17.200000000000003,1.0,1136.3841834603463,-114.6178051802329,-7.59605136091918e-05,3.6513433274451312,24.585588484935798,0.02610622079813265,166.75926853031433
1.0,17.200000000000003,1.0,1162.1633633094866,-120.92049332103993,-7.2902747527882e-05,-2.4565078726331846,26.894486966611673,0.032800608618622884,181.62556941530056
1.0,17.200000000000003,1.0,1579.561545912585,-123.09589625426881,-8.961521692782739e-05,-1.9665066531591793,47.616283804595014,0.18240959395944042,308.15902247732447
1.0,17.3,1.0,1064.8822794263003,-112.67014004158564,-9.394688025853926e-05,5.084907968973836,15.772879355832407,0.007098010127844561,130.79395087640842
1.0,17.3,1.0,1130.4398820984334,-113.9906349383277,-7.571642776927678e-05,4.28331226245658,23.978156659892093,0.024189702048032637,164.29609646245262
1.0,17.3,1.0,1160.978204782854,-120.40627673057494,-7.20566211106335e-05,-1.9008012765786626,26.79453972352143,0.03210733798990646,182.0379439968383
1.0,17.3,1.0,1558.3964398048245,-122.40618228824782,-8.784439485711523e-05,-1.3436134336930954,46.93255806369084,0.17102258059424416,305.0704480409886
1.0,17.4,1.0,1066.345131899668,-112.26849676719466,-9.192812517592411e-05,5.548535939352605,16.007235697124756,0.0073836452821007936,131.77993281493127
1.0,17.4,1.0,1123.9254881372065,-113.09153771333285,-7.584322032931618e-05,5.182273498785761,23.316248246767543,0.02222492825500511,161.54358743255852
1.0,17.4,1.0,1159.8576001566003,-119.70415194162997,-7.136703417100204e-05,-1.157002156516263,26.712275894818617,0.0314848460778889,182.51071642671377
1.0,17.4,1.0,1536.8526650814883,-121.13883623277417,-8.58980773874011e-05,-0.1471206775943608,46.2366632127924,0.16021490665945876,301.7551343561827
1.0,17.5,1.0,1068.2172744901443,-111.50819275166617,-8.966603202504491e-05,6.373849824245717,16.2945195184014,0.007753662938305175,132.96549169553327
1.0,17.5,1.0,1116.8927191830446,-112.01988001914425,-7.610918787508966e-05,6.249186261007942,22.559418830840194,0.02013983054477752,158.40026091106483
1.0,17.5,1.0,1159.3074899806054,-118.53439689639585,-7.042888967159422e-05,0.05840734094097948,26.657870921410687,0.030958306346357885,183.0777479471917
1.0,17.5,1.0,1513.906631582577,-120.44564780471686,-8.37943439526301e-05,0.46517879108764937,45.483683549152325,0.1495048773240703,297.8929340218865
1.0,17.6,1.0,1070.939993938221,-110.6370307608167,-8.73541070105688e-05,7.31661269895379,16.69947714182814,0.008315740051066332,134.59369726059867
1.0,17.6,1.0,1108.959942363561,-110.3795584136193,-7.669595795913324e-05,7.877088817246659,21.65977439635669,0.017855364628302752,154.6457363379759
1.0,17.6,1.0,1160.051056052127,-116.20310166082567,-6.946083995709681e-05,2.444763231762444,26.699239941235955,0.03073575828614554,184.04607342427607
1.0,17.6,1.0,1491.8622247820424,-119.63629656652425,-8.201162716078149e-05,1.1966131491090715,44.698203885555984,0.13917114142760229,293.83876994238926
1.0,17.700000000000003,1.0,1075.2378187803429,-108.15970859944977,-8.43543629318213e-05,9.877931705993966,17.346213329416088,0.009288925205113284,137.14344973933385
1.0,17.700000000000003,1.0,1098.5436506132148,-108.1541690093658,-7.780816885813755e-05,10.06972049170347,20.431739934963225,0.015048796560409567,149.52287426610928
1.0,17.700000000000003,1.0,1161.1127459029772,-116.24268884872038,-6.879726946269124e-05,2.4623331252708534,26.797566901082092,0.030688187262244218,185.2866127594816
1.0,17.700000000000003,1.0,1469.4571734085014,-118.62006660977505,-7.990968724607916e-05,2.130617293117512,43.85406283461391,0.12898231386107312,289.33830107666745
1.0,17.8,1.0,1162.75920949962,-115.61629995748196,-6.818965668912598e-05,3.149964037878819,26.925948872553796,0.030737202464571817,186.6920835398023
1.0,17.8,1.0,1444.4921968806352,-117.53508684892927,-7.796185254888749e-05,3.1156951618216366,42.91054798946406,0.11865966685112295,283.97802052668976
1.0,17.9,1.0,1165.1558083956916,-114.8226684227158,-6.71079354730225e-05,4.010139394924824,27.121889497334223,0.030992653799102952,188.42191107529106
1.0,17.9,1.0,1417.8315480926083,-116.60458710655107,-7.569298429544404e-05,3.93304191775918,41.849014008241156,0.10817298794121816,277.74082273081694
1.0,18.0,1.0,1168.6668460021274,-113.98747405467026,-6.601359796568034e-05,4.919856534632224,27.411404365143046,0.031538465833389796,190.6353257509645
1.0,18.0,1.0,1389.258849119958,-114.9057793458824,-7.350882010211948e-05,5.503407700576174,40.628980430471344,0.09737526164386265,270.41728483231054
1.0,18.1,1.0,1173.8090401804034,-112.89663989230588,-6.514357000790523e-05,6.096945747502127,27.837483443563027,0.03252525361161111,193.5193815259836
1.0,18.1,1.0,1356.1888216938974,-113.1864607963476,-7.097834880681339e-05,7.061584887568447,39.1005963815693,0.0855324460791723,261.12405791657784
1.0,18.200000000000003,1.0,1182.3685981246178,-111.19686654217637,-6.42255971514446e-05,7.907683183448938,28.519295728844156,0.03436376221575842,197.84139123282966
1.0,18.200000000000003,1.0,1315.6252780931454,-110.5241503401311,-6.80952984237827e-05,9.507989701183014,37.07815734676729,0.07211003625174472,248.6261324274119
1.0,18.3,1.0,1201.9984256984178,-107.36553108524896,-6.318845796239486e-05,11.929631874930084,30.015795130348394,0.039114885712058456,206.68502781640018
1.0,18.3,1.0,1258.4190622172055,-106.30688217304309,-6.408786515632017e-05,13.38670947441555,33.82654031974614,0.05466159070885411,228.88616429508602
